{"max_cluster": [3.9306082725524902, 165.0], "min_cluster": [0.0003479003789834678, 1.0], "max_cell": [-0.7043040990829468, 320.82501220703125, 325.2791442871094, 39090.94921875], "min_cell": [-3.5154500007629395, -313.0, -325.2791442871094, 37522.25], "mean_cluster": [-1.996914267539978, -0.09497154504060745], "std_cluster": [1.1952924728393555, 0.7562916874885559], "mean_cell": [-0.9719118475914001, -0.050729814916849136, 0.005567613057792187, -1.1750317811965942], "std_cell": [1.6526626348495483, 1.3889598846435547, 1.1035984754562378, 1.5510972738265991]}